{
    "baseKV": 12.47,
    "baseMVA": 100,
    "branch": {
        "1": {
            "angmax": [
                1.0472,
                1.0472,
                1.0472
            ],
            "angmin": [
                -1.0472,
                -1.0472,
                -1.0472
            ],
            "b_fr": [
                1.492808587550296e-05,
                1.492808587550296e-05,
                1.492808587550296e-05
            ],
            "b_to": [
                1.492808587550296e-05,
                1.492808587550296e-05,
                1.492808587550296e-05
            ],
            "br_r": [
                [
                    0.06430830946959148,
                    0.025723323787836594,
                    0.025723323787836594
                ],
                [
                    0.025723323787836594,
                    0.06430830946959148,
                    0.025723323787836594
                ],
                [
                    0.025723323787836594,
                    0.025723323787836594,
                    0.06430830946959148
                ]
            ],
            "br_x": [
                [
                    0.037491744420771835,
                    0.014983836106414815,
                    0.014983836106414815
                ],
                [
                    0.014983836106414815,
                    0.037491744420771835,
                    0.014983836106414815
                ],
                [
                    0.014983836106414815,
                    0.014983836106414815,
                    0.037491744420771835
                ]
            ],
            "current_rating_a": [
                0.0863946942815356,
                0.0863946942815356,
                0.0863946942815356
            ],
            "f_bus": 1,
            "g_fr": [
                0.0,
                0.0,
                0.0
            ],
            "g_to": [
                0.0,
                0.0,
                0.0
            ],
            "index": 1,
            "length": 0.3048,
            "name": "line1",
            "nominal_voltage": 12470.0,
            "shift": [
                0.0,
                0.0,
                0.0
            ],
            "status": 1,
            "t_bus": 2,
            "tap": [
                1.0,
                1.0,
                1.0
            ],
            "transformer": "false"
        },
        "2": {
            "angmax": [
                1.0472,
                1.0472,
                1.0472
            ],
            "angmin": [
                -1.0472,
                -1.0472,
                -1.0472
            ],
            "b_fr": [
                1.492808587550296e-05,
                1.492808587550296e-05,
                1.492808587550296e-05
            ],
            "b_to": [
                1.492808587550296e-05,
                1.492808587550296e-05,
                1.492808587550296e-05
            ],
            "br_r": [
                [
                    0.06430830946959148,
                    0.025723323787836594,
                    0.025723323787836594
                ],
                [
                    0.025723323787836594,
                    0.06430830946959148,
                    0.025723323787836594
                ],
                [
                    0.025723323787836594,
                    0.025723323787836594,
                    0.06430830946959148
                ]
            ],
            "br_x": [
                [
                    0.037491744420771835,
                    0.014983836106414815,
                    0.014983836106414815
                ],
                [
                    0.014983836106414815,
                    0.037491744420771835,
                    0.014983836106414815
                ],
                [
                    0.014983836106414815,
                    0.014983836106414815,
                    0.037491744420771835
                ]
            ],
            "current_rating_a": [
                0.0863946942815356,
                0.0863946942815356,
                0.0863946942815356
            ],
            "f_bus": 2,
            "g_fr": [
                0.0,
                0.0,
                0.0
            ],
            "g_to": [
                0.0,
                0.0,
                0.0
            ],
            "index": 2,
            "length": 0.3048,
            "name": "line2",
            "nominal_voltage": 12470.0,
            "shift": [
                0.0,
                0.0,
                0.0
            ],
            "status": 1,
            "t_bus": 3,
            "tap": [
                1.0,
                1.0,
                1.0
            ],
            "transformer": "false"
        }
    },
    "bus": {
        "1": {
            "bus_type": 3,
            "index": 1,
            "name": "sourcebus",
            "nominal_voltage": 12470.0,
            "status": 1,
            "va": [
                -2.629170736698377e-05,
                1.0471712593774103,
                -1.0472238431290384
            ],
            "vm": [
                0.9999933754201552,
                0.999993375419974,
                0.9999933754193276
            ],
            "vmax": [
                1.1,
                1.1,
                1.1
            ],
            "vmin": [
                0.95,
                0.95,
                0.95
            ]
        },
        "2": {
            "bus_type": 1,
            "index": 2,
            "name": "n2",
            "nominal_voltage": 12470.0,
            "status": 1,
            "va": [
                -0.0014896071338939402,
                1.0457079439513992,
                -1.0486871585550563
            ],
            "vm": [
                0.9978989971438517,
                0.9978989971439675,
                0.9978989971427226
            ],
            "vmax": [
                1.1,
                1.1,
                1.1
            ],
            "vmin": [
                0.95,
                0.95,
                0.95
            ]
        },
        "3": {
            "bus_type": 1,
            "index": 3,
            "name": "n3",
            "nominal_voltage": 12470.0,
            "status": 1,
            "va": [
                -0.002957921461676718,
                1.0442396296241356,
                -1.050155472882328
            ],
            "vm": [
                0.9958059582527555,
                0.9958059582531679,
                0.9958059582513237
            ],
            "vmax": [
                1.1,
                1.1,
                1.1
            ],
            "vmin": [
                0.95,
                0.95,
                0.95
            ]
        }
    },
    "generator": {
        "1": {
            "cost": [
                0.0,
                0.0,
                0.0
            ],
            "gen_bus": 1,
            "index": 1,
            "model": 2,
            "name": "Vsource.source",
            "ncost": 3,
            "nominal_voltage": 12.47,
            "pg": [
                0.018075642342861582,
                0.018075642342967678,
                0.018075642342836772
            ],
            "pmax": [
                0,
                0,
                0
            ],
            "pmin": [
                0,
                0,
                0
            ],
            "qg": [
                3.312901768626186e-05,
                3.312901778142783e-05,
                3.312901768207783e-05
            ],